Seq ID,Ribosome,Cytosol,ER,Membrane,Nucleus,Exosome
Gene_ID:83439,0.3895297050476074,0.13065774738788605,0.16266892850399017,0.10493007302284241,0.7866913676261902,0.9961277842521667
Gene_ID:5727,0.4465724527835846,0.23712092638015747,0.18187232315540314,0.18564635515213013,0.7039364576339722,1.0
Gene_ID:5236,0.20613881945610046,0.15408189594745636,0.12947392463684082,0.17723068594932556,0.6549947261810303,0.9951432943344116
Gene_ID:2745,0.22998951375484467,0.1129455640912056,0.07629311829805374,0.11365322023630142,0.5097284317016602,0.9927935600280762
Gene_ID:4711,0.4594489634037018,0.30539044737815857,0.23928356170654297,0.051865264773368835,0.7591702342033386,0.9832955002784729
